[
  {
    "id": "db818536-3137-4859-87cb-a67616184793",
    "data": [
      {
        "text": "welcome to kiet",
        "userDefined": false
      }
    ],
    "isTemplate": false,
    "count": 0,
    "lang": "en",
    "updated": 0
  },
  {
    "id": "6e7f2bd4-011f-42ab-9909-bbf811722336",
    "data": [
      {
        "text": "hello",
        "userDefined": false
      }
    ],
    "isTemplate": false,
    "count": 0,
    "lang": "en",
    "updated": 0
  },
  {
    "id": "ca0913df-6860-4f60-9e14-9a540de53dd4",
    "data": [
      {
        "text": "good morning",
        "userDefined": false
      }
    ],
    "isTemplate": false,
    "count": 0,
    "lang": "en",
    "updated": 0
  }
]